common_name,official_name,area,population
Gambia,Republic of the Gambia,10689.0,2416664
Åland Islands,Åland Islands,1580.0,29458
Cape Verde,Republic of Cabo Verde,4033.0,555988
Turkmenistan,Turkmenistan,488100.0,6031187
Qatar,State of Qatar,11586.0,2881060
El Salvador,Republic of El Salvador,21041.0,6486201
Georgia,Georgia,69700.0,3714000
Equatorial Guinea,Republic of Equatorial Guinea,28051.0,1402985
Ivory Coast,Republic of Côte d'Ivoire,322463.0,26378275
Bahrain,Kingdom of Bahrain,765.0,1701583
Finland,Republic of Finland,338424.0,5530719
Libya,State of Libya,1759540.0,6871287
Western Sahara,Sahrawi Arab Democratic Republic,266000.0,510713
Ethiopia,Federal Democratic Republic of Ethiopia,1104300.0,114963583
Northern Mariana Islands,Commonwealth of the Northern Mariana Islands,464.0,57557
Bouvet Island,Bouvet Island,49.0,0
South Sudan,Republic of South Sudan,619745.0,11193729
Mayotte,Department of Mayotte,374.0,226915
Palestine,State of Palestine,6220.0,4803269
Turks and Caicos Islands,Turks and Caicos Islands,948.0,38718
Kyrgyzstan,Kyrgyz Republic,199951.0,6591600
Maldives,Republic of the Maldives,300.0,540542
Bangladesh,People's Republic of Bangladesh,147570.0,164689383
American Samoa,American Samoa,199.0,55197
Croatia,Republic of Croatia,56594.0,4047200
Cayman Islands,Cayman Islands,264.0,65720
Afghanistan,Islamic Republic of Afghanistan,652230.0,40218234
Haiti,Republic of Haiti,27750.0,11402533
Antigua and Barbuda,Antigua and Barbuda,442.0,97928
Venezuela,Bolivarian Republic of Venezuela,916445.0,28435943
Ireland,Republic of Ireland,70273.0,4994724
Canada,Canada,9984670.0,38005238
Saint Vincent and the Grenadines,Saint Vincent and the Grenadines,389.0,110947
Paraguay,Republic of Paraguay,406752.0,7132530
Tuvalu,Tuvalu,26.0,11792
Mali,Republic of Mali,1240192.0,20250834
Austria,Republic of Austria,83871.0,8917205
Myanmar,Republic of the Union of Myanmar,676578.0,54409794
Benin,Republic of Benin,112622.0,12123198
Cuba,Republic of Cuba,109884.0,11326616
Bahamas,Commonwealth of the Bahamas,13943.0,393248
United States Virgin Islands,Virgin Islands of the United States,347.0,106290
Ukraine,Ukraine,603500.0,44134693
Aruba,Aruba,180.0,106766
Switzerland,Swiss Confederation,41284.0,8654622
Liechtenstein,Principality of Liechtenstein,160.0,38137
Comoros,Union of the Comoros,1862.0,869595
Syria,Syrian Arab Republic,185180.0,17500657
Brunei,"Nation of Brunei, Abode of Peace",5765.0,437483
Curaçao,Country of Curaçao,444.0,155014
Guernsey,Bailiwick of Guernsey,78.0,62999
Liberia,Republic of Liberia,111369.0,5057677
Japan,Japan,377930.0,125836021
Samoa,Independent State of Samoa,2842.0,198410
Solomon Islands,Solomon Islands,28896.0,686878
Central African Republic,Central African Republic,622984.0,4829764
Italy,Italian Republic,301336.0,59554023
Réunion,Réunion Island,2511.0,840974
Togo,Togolese Republic,56785.0,8278737
Tunisia,Tunisian Republic,163610.0,11818618
Taiwan,Republic of China (Taiwan),36193.0,23503349
DR Congo,Democratic Republic of the Congo,2344858.0,108407721
Mexico,United Mexican States,1964375.0,128932753
Laos,Lao People's Democratic Republic,236800.0,7275556
Namibia,Republic of Namibia,825615.0,2540916
Saudi Arabia,Kingdom of Saudi Arabia,2149690.0,34813867
Faroe Islands,Faroe Islands,1393.0,48865
Greece,Hellenic Republic,131990.0,10715549
Niger,Republic of Niger,1267000.0,24206636
Hong Kong,Hong Kong Special Administrative Region of the People's Republic of China,1104.0,7500700
Cameroon,Republic of Cameroon,475442.0,26545864
Suriname,Republic of Suriname,163820.0,586634
Ecuador,Republic of Ecuador,276841.0,17643060
Russia,Russian Federation,17098242.0,144104080
Dominica,Commonwealth of Dominica,751.0,71991
Monaco,Principality of Monaco,2.02,39244
Mozambique,Republic of Mozambique,801590.0,31255435
Kosovo,Republic of Kosovo,10908.0,1775378
Iraq,Republic of Iraq,438317.0,40222503
Montenegro,Montenegro,13812.0,621718
Saint Barthélemy,Collectivity of Saint Barthélemy,21.0,4255
Mongolia,Mongolia,1564110.0,3278292
Chad,Republic of Chad,1284000.0,16425859
British Virgin Islands,Virgin Islands,151.0,30237
Kenya,Republic of Kenya,580367.0,53771300
Cambodia,Kingdom of Cambodia,181035.0,16718971
Portugal,Portuguese Republic,92090.0,10305564
Somalia,Federal Republic of Somalia,637657.0,15893219
Falkland Islands,Falkland Islands,12173.0,2563
Pitcairn Islands,Pitcairn Group of Islands,47.0,56
Nicaragua,Republic of Nicaragua,130373.0,6624554
Sri Lanka,Democratic Socialist Republic of Sri Lanka,65610.0,21919000
Norway,Kingdom of Norway,323802.0,5379475
Martinique,Martinique,1128.0,378243
Seychelles,Republic of Seychelles,452.0,98462
Madagascar,Republic of Madagascar,587041.0,27691019
New Zealand,New Zealand,270467.0,5084300
Saint Kitts and Nevis,Federation of Saint Christopher and Nevis,261.0,53192
Niue,Niue,260.0,1470
Timor-Leste,Democratic Republic of Timor-Leste,14874.0,1318442
Pakistan,Islamic Republic of Pakistan,881912.0,220892331
Czechia,Czech Republic,78865.0,10698896
Wallis and Futuna,Territory of the Wallis and Futuna Islands,142.0,11750
Tanzania,United Republic of Tanzania,945087.0,59734213
São Tomé and Príncipe,Democratic Republic of São Tomé and Príncipe,964.0,219161
Israel,State of Israel,20770.0,9216900
Bhutan,Kingdom of Bhutan,38394.0,771612
Albania,Republic of Albania,28748.0,2837743
Bolivia,Plurinational State of Bolivia,1098581.0,11673029
Cyprus,Republic of Cyprus,9251.0,1207361
Guatemala,Republic of Guatemala,108889.0,16858333
Saint Martin,Saint Martin,53.0,38659
Lithuania,Republic of Lithuania,65300.0,2794700
Hungary,Hungary,93028.0,9749763
Senegal,Republic of Senegal,196722.0,16743930
Thailand,Kingdom of Thailand,513120.0,69799978
French Polynesia,French Polynesia,4167.0,280904
Tajikistan,Republic of Tajikistan,143100.0,9537642
Bosnia and Herzegovina,Bosnia and Herzegovina,51209.0,3280815
Sudan,Republic of the Sudan,1886068.0,43849269
Poland,Republic of Poland,312679.0,37950802
Marshall Islands,Republic of the Marshall Islands,181.0,59194
French Southern and Antarctic Lands,Territory of the French Southern and Antarctic Lands,7747.0,400
Jersey,Bailiwick of Jersey,116.0,100800
Honduras,Republic of Honduras,112492.0,9904608
Macau,Macao Special Administrative Region of the People's Republic of China,30.0,649342
Montserrat,Montserrat,102.0,4922
Christmas Island,Territory of Christmas Island,135.0,2072
Netherlands,Kingdom of the Netherlands,41850.0,16655799
Costa Rica,Republic of Costa Rica,51100.0,5094114
Micronesia,Federated States of Micronesia,702.0,115021
Kiribati,Independent and Sovereign Republic of Kiribati,811.0,119446
Greenland,Greenland,2166086.0,56367
Antarctica,Antarctica,14000000.0,1000
Nigeria,Federal Republic of Nigeria,923768.0,206139587
Slovenia,Republic of Slovenia,20273.0,2100126
Djibouti,Republic of Djibouti,23200.0,988002
Iran,Islamic Republic of Iran,1648195.0,83992953
Turkey,Republic of Turkey,783562.0,84339067
Papua New Guinea,Independent State of Papua New Guinea,462840.0,8947027
Botswana,Republic of Botswana,582000.0,2351625
United States,United States of America,9372610.0,329484123
South Korea,Republic of Korea,100210.0,51780579
Algeria,People's Democratic Republic of Algeria,2381741.0,44700000
Gabon,Gabonese Republic,267668.0,2225728
Romania,Romania,238391.0,19286123
Vanuatu,Republic of Vanuatu,12189.0,307150
Dominican Republic,Dominican Republic,48671.0,10847904
Palau,Republic of Palau,459.0,18092
Saint Pierre and Miquelon,Saint Pierre and Miquelon,242.0,6069
India,Republic of India,3287590.0,1380004385
Lesotho,Kingdom of Lesotho,30355.0,2142252
New Caledonia,New Caledonia,18575.0,271960
Latvia,Republic of Latvia,64559.0,1901548
Brazil,Federative Republic of Brazil,8515767.0,212559409
Morocco,Kingdom of Morocco,446550.0,36910558
Rwanda,Republic of Rwanda,26338.0,12952209
Isle of Man,Isle of Man,572.0,85032
Bermuda,Bermuda,54.0,63903
Mauritius,Republic of Mauritius,2040.0,1265740
Sint Maarten,Sint Maarten,34.0,40812
Yemen,Republic of Yemen,527968.0,29825968
France,French Republic,551695.0,67391582
Moldova,Republic of Moldova,33846.0,2617820
Uzbekistan,Republic of Uzbekistan,447400.0,34232050
Cocos (Keeling) Islands,Territory of the Cocos (Keeling) Islands,14.0,544
Nauru,Republic of Nauru,21.0,10834
Uganda,Republic of Uganda,241550.0,45741000
Republic of the Congo,Republic of the Congo,342000.0,5657000
Colombia,Republic of Colombia,1141748.0,50882884
Puerto Rico,Commonwealth of Puerto Rico,8870.0,3194034
Kazakhstan,Republic of Kazakhstan,2724900.0,18754440
Estonia,Republic of Estonia,45227.0,1331057
Bulgaria,Republic of Bulgaria,110879.0,6927288
Heard Island and McDonald Islands,Heard Island and McDonald Islands,412.0,0
Tokelau,Tokelau,12.0,1411
Belize,Belize,22966.0,397621
United States Minor Outlying Islands,United States Minor Outlying Islands,34.2,300
United Arab Emirates,United Arab Emirates,83600.0,9890400
Peru,Republic of Peru,1285216.0,32971846
Oman,Sultanate of Oman,309500.0,5106622
South Georgia,South Georgia and the South Sandwich Islands,3903.0,30
Sweden,Kingdom of Sweden,450295.0,10353442
Uruguay,Oriental Republic of Uruguay,181034.0,3473727
South Africa,Republic of South Africa,1221037.0,59308690
Malta,Republic of Malta,316.0,525285
Belarus,Republic of Belarus,207600.0,9398861
Tonga,Kingdom of Tonga,747.0,105697
Cook Islands,Cook Islands,236.0,18100
Nepal,Federal Democratic Republic of Nepal,147181.0,29136808
Vatican City,Vatican City State,0.44,451
Barbados,Barbados,430.0,287371
Slovakia,Slovak Republic,49037.0,5458827
French Guiana,Guiana,83534.0,254541
North Macedonia,Republic of North Macedonia,25713.0,2077132
Germany,Federal Republic of Germany,357114.0,83240525
Andorra,Principality of Andorra,468.0,77265
Guam,Guam,549.0,168783
Philippines,Republic of the Philippines,342353.0,109581085
Burundi,Republic of Burundi,27834.0,11890781
Guyana,Co-operative Republic of Guyana,214969.0,786559
Svalbard and Jan Mayen,Svalbard og Jan Mayen,-1.0,2562
Burkina Faso,Burkina Faso,272967.0,20903278
Zambia,Republic of Zambia,752612.0,18383956
Sierra Leone,Republic of Sierra Leone,71740.0,7976985
United Kingdom,United Kingdom of Great Britain and Northern Ireland,242900.0,67215293
Anguilla,Anguilla,91.0,13452
Guadeloupe,Guadeloupe,1628.0,400132
Lebanon,Lebanese Republic,10452.0,6825442
Iceland,Iceland,103000.0,366425
Jordan,Hashemite Kingdom of Jordan,89342.0,10203140
Norfolk Island,Territory of Norfolk Island,36.0,2302
Jamaica,Jamaica,10991.0,2961161
Singapore,Republic of Singapore,710.0,5685807
Mauritania,Islamic Republic of Mauritania,1030700.0,4649660
"Saint Helena, Ascension and Tristan da Cunha","Saint Helena, Ascension and Tristan da Cunha",394.0,53192
Guinea-Bissau,Republic of Guinea-Bissau,36125.0,1967998
Malaysia,Malaysia,330803.0,32365998
Guinea,Republic of Guinea,245857.0,13132792
Grenada,Grenada,344.0,112519
Luxembourg,Grand Duchy of Luxembourg,2586.0,632275
Malawi,Republic of Malawi,118484.0,19129955
Vietnam,Socialist Republic of Vietnam,331212.0,97338583
Australia,Commonwealth of Australia,7692024.0,25687041
Egypt,Arab Republic of Egypt,1002450.0,102334403
Zimbabwe,Republic of Zimbabwe,390757.0,14862927
Indonesia,Republic of Indonesia,1904569.0,273523621
San Marino,Republic of San Marino,61.0,33938
Angola,Republic of Angola,1246700.0,32866268
North Korea,Democratic People's Republic of Korea,120538.0,25778815
Fiji,Republic of Fiji,18272.0,896444
Ghana,Republic of Ghana,238533.0,31072945
Denmark,Kingdom of Denmark,43094.0,5831404
Eritrea,State of Eritrea,117600.0,5352000
Armenia,Republic of Armenia,29743.0,2963234
Chile,Republic of Chile,756102.0,19116209
Trinidad and Tobago,Republic of Trinidad and Tobago,5130.0,1399491
Argentina,Argentine Republic,2780400.0,45376763
Kuwait,State of Kuwait,17818.0,4270563
Saint Lucia,Saint Lucia,616.0,183629
Caribbean Netherlands,"Bonaire, Sint Eustatius and Saba",328.0,25987
Gibraltar,Gibraltar,6.0,33691
Panama,Republic of Panama,75417.0,4314768
China,People's Republic of China,9706961.0,1402112000
Eswatini,Kingdom of Eswatini,17364.0,1160164
Spain,Kingdom of Spain,505992.0,47351567
Azerbaijan,Republic of Azerbaijan,86600.0,10110116
Belgium,Kingdom of Belgium,30528.0,11555997
Serbia,Republic of Serbia,88361.0,6908224
British Indian Ocean Territory,British Indian Ocean Territory,60.0,3000
